{"duration": 0.008977651596069336, "input_args": {}, "time": 1716925722.3927867}